insert into Cliente (cod_cliente, dni, nombre, apellidos, telefono, email) values (1, '926383728N', 'Pepe', 'Fanegas Deleto', '959632748', 'pepefan@gmail.com');
insert into Cliente (cod_cliente, dni, nombre, apellidos, telefono, email) values (2, '534109283F', 'Antonio', 'Vicente Cortés', '738028374', 'veceantonio@gmail.com');
INSERT INTO cliente (cod_cliente, dni, nombre, apellidos, telefono, email) VALUES (3, '340398252V', 'Maria', 'Alonso Garcia', '235270276', 'MariaAlonso@gmail.com');
INSERT INTO cliente (cod_cliente, dni, nombre, apellidos, telefono, email) VALUES (4, '127765455H', 'Manolo', 'González Moreno', '807341669', 'ManoloGonzález@gmail.com');
INSERT INTO cliente (cod_cliente, dni, nombre, apellidos, telefono, email) VALUES (5, '111388665G', 'Laura', 'González Alonso', '808882282', 'LauraGonzález@gmail.com');
INSERT INTO cliente (cod_cliente, dni, nombre, apellidos, telefono, email) VALUES (6, '679662474U', 'Manolo', 'Mellado Serna', '426588850', 'ManoloMellado@gmail.com');
INSERT INTO cliente (cod_cliente, dni, nombre, apellidos, telefono, email) VALUES (7, '718421119O', 'Laura', 'Ruiz Romero', '947847215', 'LauraRuiz@gmail.com');
INSERT INTO cliente (cod_cliente, dni, nombre, apellidos, telefono, email) VALUES (8, '217707502R', 'Antonio', 'Rodríguez Moreno', '446882134', 'AntonioRodríguez@gmail.com');
INSERT INTO cliente (cod_cliente, dni, nombre, apellidos, telefono, email) VALUES (9, '394425518J', 'Roberto', 'Cortés Serna', '258723606', 'RobertoCortés@gmail.com');
INSERT INTO cliente (cod_cliente, dni, nombre, apellidos, telefono, email) VALUES (10, '583821944P', 'Marta', 'Romero Cortés', '565076602', 'MartaRomero@gmail.com');
INSERT INTO cliente (cod_cliente, dni, nombre, apellidos, telefono, email) VALUES (11, '215809628W', 'Francisco', 'Serna Garcia', '591386191', 'FranciscoSerna@gmail.com');
INSERT INTO cliente (cod_cliente, dni, nombre, apellidos, telefono, email) VALUES (12, '572358060Z', 'Francisco', 'González Serna', '587988393', 'FranciscoGonzález@gmail.com');
INSERT INTO cliente (cod_cliente, dni, nombre, apellidos, telefono, email) VALUES (13, '118537052M', 'Manolo', 'Romero Mellado', '944352374', 'ManoloRomero@gmail.com');
INSERT INTO cliente (cod_cliente, dni, nombre, apellidos, telefono, email) VALUES (14, '180741506W', 'Marta', 'Moreno González', '169603000', 'MartaMoreno@gmail.com');
INSERT INTO cliente (cod_cliente, dni, nombre, apellidos, telefono, email) VALUES (15, '534444417K', 'Manolo', 'Mellado Cortés', '179094482', 'ManoloMellado@gmail.com');
INSERT INTO cliente (cod_cliente, dni, nombre, apellidos, telefono, email) VALUES (16, '264948582H', 'Francisco', 'Rodríguez Romero', '515272373', 'FranciscoRodríguez@gmail.com');
INSERT INTO cliente (cod_cliente, dni, nombre, apellidos, telefono, email) VALUES (17, '239583734T', 'Vicente', 'Alonso Rodríguez', '184458487', 'VicenteAlonso@gmail.com');
INSERT INTO cliente (cod_cliente, dni, nombre, apellidos, telefono, email) VALUES (18, '195373500Y', 'Roberto', 'Romero Alonso', '668332813', 'RobertoRomero@gmail.com');
INSERT INTO cliente (cod_cliente, dni, nombre, apellidos, telefono, email) VALUES (19, '322678164Z', 'Crristian', 'Moreno Garcia', '223045701', 'CrristianMoreno@gmail.com');
INSERT INTO cliente (cod_cliente, dni, nombre, apellidos, telefono, email) VALUES (20, '914272153U', 'Francisco', 'González Rodríguez', '444724233', 'FranciscoGonzález@gmail.com');
INSERT INTO cliente (cod_cliente, dni, nombre, apellidos, telefono, email) VALUES (21, '703793454H', 'Laura', 'Rodríguez Mellado', '733562810', 'LauraRodríguez@gmail.com');
INSERT INTO cliente (cod_cliente, dni, nombre, apellidos, telefono, email) VALUES (22, '707032918V', 'Roberto', 'Romero González', '341313905', 'RobertoRomero@gmail.com');
INSERT INTO cliente (cod_cliente, dni, nombre, apellidos, telefono, email) VALUES (23, '141503268I', 'Laura', 'Ruiz Moreno', '243404868', 'LauraRuiz@gmail.com');
INSERT INTO cliente (cod_cliente, dni, nombre, apellidos, telefono, email) VALUES (24, '712111995V', 'Antonio', 'Serna Cortés', '270504360', 'AntonioSerna@gmail.com');
INSERT INTO cliente (cod_cliente, dni, nombre, apellidos, telefono, email) VALUES (25, '612953967E', 'Crristian', 'Alonso González', '573120249', 'CrristianAlonso@gmail.com');
INSERT INTO cliente (cod_cliente, dni, nombre, apellidos, telefono, email) VALUES (26, '621041388E', 'Vicente', 'González Mellado', '525126842', 'VicenteGonzález@gmail.com');
INSERT INTO cliente (cod_cliente, dni, nombre, apellidos, telefono, email) VALUES (27, '705141516K', 'Antonio', 'Romero Ruiz', '119002248', 'AntonioRomero@gmail.com');
INSERT INTO cliente (cod_cliente, dni, nombre, apellidos, telefono, email) VALUES (28, '552577069B', 'Antonio', 'González Garcia', '950136795', 'AntonioGonzález@gmail.com');
INSERT INTO cliente (cod_cliente, dni, nombre, apellidos, telefono, email) VALUES (29, '725586207B', 'Marta', 'González Mellado', '196706755', 'MartaGonzález@gmail.com');
INSERT INTO cliente (cod_cliente, dni, nombre, apellidos, telefono, email) VALUES (30, '834037757N', 'Marta', 'González Alonso', '766251291', 'MartaGonzález@gmail.com');
INSERT INTO cliente (cod_cliente, dni, nombre, apellidos, telefono, email) VALUES (31, '210251715I', 'Vicente', 'Romero Mellado', '512009323', 'VicenteRomero@gmail.com');
INSERT INTO cliente (cod_cliente, dni, nombre, apellidos, telefono, email) VALUES (32, '305278741T', 'Laura', 'Serna Ruiz', '732511479', 'LauraSerna@gmail.com');

INSERT INTO trabajador (id_trabajador, fecha_nacimiento, dni, nombre, apellidos, foto_trabajador, is_admin, username, password) values (3, ' 1985-4-18', '381214487L', 'Manolo', 'Rodríguez Cortés', 'http://robohash.org/ManoloRodríguez/', true, 'admin', '{bcrypt}$2a$10$o/I7n6b5rFCipwU/G/Hc7O6Fn96X6gUDkvpTNBQI45XANUcOe7veG');
INSERT INTO trabajador (id_trabajador, fecha_nacimiento, dni, nombre, apellidos, foto_trabajador, is_admin, username, password) values (4, ' 1991-4-27', '837774235D', 'Vicente', 'Rodríguez Cortés', 'http://robohash.org/VicenteRodríguez/', false, 'user', '{bcrypt}$2a$10$XM0O45G.okeljxVi9VKwNOOqMBe9.gj2gnoa5yGHmRiPKO6bK3f.m');
INSERT INTO trabajador (id_trabajador, fecha_nacimiento, dni, nombre, apellidos, foto_trabajador, is_admin, username, password) values (5, ' 1986-8-18', '768441150T', 'Marta', 'Alonso Cortés', 'http://robohash.org/MartaAlonso/', false, 'Alonso7', '{bcrypt}$2a$10$6KrAz9pVahxayo3juVLbYuiGJO5Tf7/mp6mZ36wzmaIe0vIZ0eOJa');
INSERT INTO trabajador (id_trabajador, fecha_nacimiento, dni, nombre, apellidos, foto_trabajador, is_admin, username, password) values (6, ' 1998-5-13', '755734507X', 'Marta', 'Mellado Ruiz', 'http://robohash.org/MartaMellado/', false, 'Mellado7', '{bcrypt}$2a$10$jalGfWUJ0kSubJDPaKEIVe.r3dtSg/6xLeG.YwehPpHHnSjvyOTTe');
INSERT INTO trabajador (id_trabajador, fecha_nacimiento, dni, nombre, apellidos, foto_trabajador, is_admin, username, password) values (7, ' 1994-11-7', '844948499I', 'Roberto', 'Mellado Serna', 'http://robohash.org/RobertoMellado/', false, 'Mellado3', '{bcrypt}$2a$10$p.QtsjAu03peNzHVutr6VefB/435Gr8Z.NvUyPXF2WxM.HFANzlAe');
INSERT INTO trabajador (id_trabajador, fecha_nacimiento, dni, nombre, apellidos, foto_trabajador, is_admin, username, password) values (8, ' 1986-6-28', '870124991E', 'Manolo', 'González Ruiz', 'http://robohash.org/ManoloGonzález/', false, 'González5', '{bcrypt}$2a$10$BvfgYYwdfnOPWN5sL3bWjuqVxk5P5x2kCpbrSUh2w1Qg5xeG9jWF6');
INSERT INTO trabajador (id_trabajador, fecha_nacimiento, dni, nombre, apellidos, foto_trabajador, is_admin, username, password) values (9, ' 1983-4-28', '316284622H', 'Antonio', 'Serna Garcia', 'http://robohash.org/AntonioSerna/', false, 'Serna0', '{bcrypt}$2a$10$2kqqVo8wnOneSoayReKEXueF8wjPTiqhdUhuQ0LR334v3sPeM3ACy');
INSERT INTO trabajador (id_trabajador, fecha_nacimiento, dni, nombre, apellidos, foto_trabajador, is_admin, username, password) values (10, ' 2000-3-31', '341091528T', 'Francisco', 'Mellado Cortés', 'http://robohash.org/FranciscoMellado/', false, 'Mellado8', '{bcrypt}$2a$10$G44y4qKPC9G.mOhqJrmB5.QHofl4ZGRAHXxWodhGdtG56psiXe.06');
INSERT INTO trabajador (id_trabajador, fecha_nacimiento, dni, nombre, apellidos, foto_trabajador, is_admin, username, password) values (11, ' 1991-4-23', '787002728D', 'Antonio', 'Ruiz Moreno', 'http://robohash.org/AntonioRuiz/', false, 'Ruiz0', '{bcrypt}$2a$10$yJGTdJoKc80/4jdK/ji09OhPFos7ro6CLUpT9TzemhlvXpEKbokNS');
INSERT INTO trabajador (id_trabajador, fecha_nacimiento, dni, nombre, apellidos, foto_trabajador, is_admin, username, password) values (12, ' 2001-1-16', '992835895Z', 'Crristian', 'Ruiz Mellado', 'http://robohash.org/CrristianRuiz/', false, 'Ruiz4', '{bcrypt}$2a$10$dWUDOyr4jEMERn5DAn8qzuoyPmKr0NFreS8/CAgDWShHpcdv9Zupe');


insert into Vehiculo (matricula, tipo_vehiculo, bastidor, marca, modelo) values ('2938GAK', 'AUTOBUS', 'kjas82dskj3', 'Audi', 'A3');
insert into Vehiculo (matricula, tipo_vehiculo, bastidor, marca, modelo) values ('7482LWJ', 'TURISMO', 'yqiebc82nd1', 'BMW', 'serie X');
INSERT INTO vehiculo (matricula, tipo_vehiculo, bastidor, marca, modelo) VALUES ('2537JFV', 'TURISMO', 'R9IVXWXNFV7UQJG88', 'peugeot', 'hatchback');
INSERT INTO vehiculo (matricula, tipo_vehiculo, bastidor, marca, modelo) VALUES ('6786FMG', 'FURGONETA', 'RJENJYCLEII8W9LRM', 'lexus', 'hatchback');
INSERT INTO vehiculo (matricula, tipo_vehiculo, bastidor, marca, modelo) VALUES ('1472QIJ', 'TURISMO', 'J9B2HKBMG1XIHZE52', 'toyota', '76v');
INSERT INTO vehiculo (matricula, tipo_vehiculo, bastidor, marca, modelo) VALUES ('3728COM', 'FURGONETA', 'M73CPODYKYV8YE4LN', 'BMW', 'mini');
INSERT INTO vehiculo (matricula, tipo_vehiculo, bastidor, marca, modelo) VALUES ('4951OND', 'TURISMO', 'LB66SVIR91PY19CP6', 'volkswagen', 'hatchback');
INSERT INTO vehiculo (matricula, tipo_vehiculo, bastidor, marca, modelo) VALUES ('2587KXY', 'AUTOBUS', 'Z910PNOM2YRBJ27658', 'lexus', 'snippet');
INSERT INTO vehiculo (matricula, tipo_vehiculo, bastidor, marca, modelo) VALUES ('3302RHC', 'COMPACTO', 'ZWZS8BVQ2XJS2Z10OX', 'volkswagen', 'pn23');
INSERT INTO vehiculo (matricula, tipo_vehiculo, bastidor, marca, modelo) VALUES ('1301BNN', 'FURGONETA', 'QDL19QDECXX7ZSIXR', 'Hyundai', 'pn23');
INSERT INTO vehiculo (matricula, tipo_vehiculo, bastidor, marca, modelo) VALUES ('2805RPV', 'TURISMO', 'V831QVXCQCZRNK8JR', 'Hyundai', 'hatchback');
INSERT INTO vehiculo (matricula, tipo_vehiculo, bastidor, marca, modelo) VALUES ('6862KGO', 'FURGONETA', 'WI236IYWJSJ189K1I', 'toyota', '76v');
INSERT INTO vehiculo (matricula, tipo_vehiculo, bastidor, marca, modelo) VALUES ('6767XCU', 'TURISMO', 'J5LY5EWQ8X9PT4T1T', 'volkswagen', '76v');
INSERT INTO vehiculo (matricula, tipo_vehiculo, bastidor, marca, modelo) VALUES ('1411QBE', 'COMPACTO', 'N5WNY9H6SKZHMB5KT', 'peugeot', 'coupe');
INSERT INTO vehiculo (matricula, tipo_vehiculo, bastidor, marca, modelo) VALUES ('2726TBD', 'AUTOBUS', 'C1652B3U96IRQO6US', 'lexus', 'xsara');
INSERT INTO vehiculo (matricula, tipo_vehiculo, bastidor, marca, modelo) VALUES ('7738XMW', 'COMPACTO', '1ZN8R1E626Y15381N', 'lexus', 'golf');
INSERT INTO vehiculo (matricula, tipo_vehiculo, bastidor, marca, modelo) VALUES ('6433QTN', 'AUTOBUS', 'WJVTJG7106BZYSHFZO', 'Citroen', 'mini');
INSERT INTO vehiculo (matricula, tipo_vehiculo, bastidor, marca, modelo) VALUES ('241RJB', 'TURISMO', 'FZ5PY96TUWVWNHH910', 'peugeot', 'snippet');
INSERT INTO vehiculo (matricula, tipo_vehiculo, bastidor, marca, modelo) VALUES ('1464LWD', 'TURISMO', '35NM6LERFL8RZ1TRJ', 'BMW', 'xsara');
INSERT INTO vehiculo (matricula, tipo_vehiculo, bastidor, marca, modelo) VALUES ('7042GPM', 'AUTOBUS', 'C9H4HR9QDBR9CXF5F', 'toyota', 'golf');
INSERT INTO vehiculo (matricula, tipo_vehiculo, bastidor, marca, modelo) VALUES ('7941QLN', 'TURISMO', '8V10877MYW8WQ58BJZ', 'BMW', 'golf');
INSERT INTO vehiculo (matricula, tipo_vehiculo, bastidor, marca, modelo) VALUES ('6472SSZ', 'COMPACTO', 'Q5JR39W3X8E7GX10BP', 'peugeot', 'i30');
INSERT INTO vehiculo (matricula, tipo_vehiculo, bastidor, marca, modelo) VALUES ('8450YFY', 'TURISMO', 'RSM1OTVYHW665PJ4X', 'toyota', 'snippet');
INSERT INTO vehiculo (matricula, tipo_vehiculo, bastidor, marca, modelo) VALUES ('5053KNL', 'AUTOBUS', 'LOY10JJFHIN3DPMGVS', 'Hyundai', 'xsara');
INSERT INTO vehiculo (matricula, tipo_vehiculo, bastidor, marca, modelo) VALUES ('5283OXY', 'COMPACTO', 'W8CDV91LVPLCS9JBY', 'Citroen', 'snippet');
INSERT INTO vehiculo (matricula, tipo_vehiculo, bastidor, marca, modelo) VALUES ('2792SIY', 'COMPACTO', 'QV4K1RGBM9N1J10XU5', 'lexus', 'XV1');
INSERT INTO vehiculo (matricula, tipo_vehiculo, bastidor, marca, modelo) VALUES ('2134JDB', 'TURISMO', 'DZKK6GB9OMTYQKLIB', 'peugeot', 'a20x');
INSERT INTO vehiculo (matricula, tipo_vehiculo, bastidor, marca, modelo) VALUES ('8668IYK', 'FURGONETA', 'Z10HGJ55ZDP1K2510TB', 'volkswagen', 'mini');
INSERT INTO vehiculo (matricula, tipo_vehiculo, bastidor, marca, modelo) VALUES ('713ISM', 'COMPACTO', '9KSIKGJ2UI10EGUI10P', 'peugeot', 'hatchback');
INSERT INTO vehiculo (matricula, tipo_vehiculo, bastidor, marca, modelo) VALUES ('5927SBD', 'COMPACTO', 'V10OF4XX57EFDRWI3P', 'Hyundai', 'xsara');
INSERT INTO vehiculo (matricula, tipo_vehiculo, bastidor, marca, modelo) VALUES ('3945YZV', 'FURGONETA', '4PZ839SUQSBY710810B', 'Hyundai', 'hatchback');
INSERT INTO vehiculo (matricula, tipo_vehiculo, bastidor, marca, modelo) VALUES ('8223TTF', 'COMPACTO', 'B6ZSH3DTLKXUTX2IZ', 'Hyundai', 'mini');


insert into proveedor (id_proveedor, nombre, direccion, descripcion) values (1, 'Lodrones', 'C/laundra 23', 'distribuidor de trocolas');
INSERT INTO proveedor (id_proveedor, nombre, direccion, descripcion) VALUES (2, 'SpeedTech', 'C/Oak Lane nº 67', 'Especialistas en sistemas de escape de alto rendimiento.');
INSERT INTO proveedor (id_proveedor, nombre, direccion, descripcion) VALUES (3, 'AutoPartsPlus', 'C/Alder Court nº 89', 'Proveedor de productos de fibra de carbono para automóviles.');
INSERT INTO proveedor (id_proveedor, nombre, direccion, descripcion) VALUES (4, 'RaceGear', 'C/Beech Avenue nº 93', 'Proveedor de productos de fibra de carbono para automóviles.');
INSERT INTO proveedor (id_proveedor, nombre, direccion, descripcion) VALUES (5, 'MotorSportSupplies', 'C/Oak Lane nº 50', 'Especialistas en accesorios y componentes para drift.');
INSERT INTO proveedor (id_proveedor, nombre, direccion, descripcion) VALUES (6, 'TurboTech', 'C/Sycamore Court nº 81', 'Suministro de combustible de alto octanaje para competición.');
INSERT INTO proveedor (id_proveedor, nombre, direccion, descripcion) VALUES (7, 'PerformanceWheels', 'C/Poplar Place nº 86', 'Suministro de combustible de alto octanaje para competición.');
INSERT INTO proveedor (id_proveedor, nombre, direccion, descripcion) VALUES (8, 'TrackTires', 'C/Birch Street nº 86', 'Fabricantes de kits de carrocería aerodinámicos.');
INSERT INTO proveedor (id_proveedor, nombre, direccion, descripcion) VALUES (9, 'ExhaustMasters', 'C/Birch Street nº 3', 'Ofrecemos equipamiento para pilotos y entusiastas del automovilismo.');
INSERT INTO proveedor (id_proveedor, nombre, direccion, descripcion) VALUES (10, 'CarbonFiberTech', 'C/Cypress Circle nº 76', 'Fabricantes de kits de carrocería aerodinámicos.');
INSERT INTO proveedor (id_proveedor, nombre, direccion, descripcion) VALUES (11, 'RacingBrakeSystems', 'C/Juniper Lane nº 97', 'Expertos en sistemas de turboalimentación de alto rendimiento.');


insert into producto (referencia, proveedor_id_proveedor, nombre, precio, pvp, descripcion) values ('kj23jsd', 1, 'junta la trocola', 12.3, 15, 'una perfercamente normal junta la trocola');
INSERT INTO producto (referencia, proveedor_id_proveedor, nombre, precio, pvp, descripcion) VALUES ('13465424', 1, 'Motor de arranque', 81372.40, 98460.60, 'Garantiza un sellado hermético entre la culata y el bloque del motor, evitando fugas de gases o líquidos.');
INSERT INTO producto (referencia, proveedor_id_proveedor, nombre, precio, pvp, descripcion) VALUES ('70684030', 11, 'Sensor de oxígeno', 4806.15, 5815.44, 'Ofrece una frenada potente y efectiva, proporcionando seguridad y control al vehículo.');
INSERT INTO producto (referencia, proveedor_id_proveedor, nombre, precio, pvp, descripcion) VALUES ('60087105', 3, 'Radiador', 27118.52, 32813.41, 'Conjunto de componentes que permiten la transmisión de potencia entre el motor y la caja de cambios.');
INSERT INTO producto (referencia, proveedor_id_proveedor, nombre, precio, pvp, descripcion) VALUES ('88834278', 2, 'Alternador', 2318.54, 2805.43, 'Garantiza un sellado hermético entre la culata y el bloque del motor, evitando fugas de gases o líquidos.');
INSERT INTO producto (referencia, proveedor_id_proveedor, nombre, precio, pvp, descripcion) VALUES ('59103631', 5, 'Termostato', 38697.00, 46823.37, 'Monitorea la cantidad de oxígeno en los gases de escape para ajustar la mezcla de combustible y aire.');
INSERT INTO producto (referencia, proveedor_id_proveedor, nombre, precio, pvp, descripcion) VALUES ('18458313', 2, 'Termostato', 37741.39, 45667.09, 'Conjunto de componentes que permiten la transmisión de potencia entre el motor y la caja de cambios.');
INSERT INTO producto (referencia, proveedor_id_proveedor, nombre, precio, pvp, descripcion) VALUES ('87011668', 7, 'Sensor de presión de neumáticos', 7288.68, 8819.31, 'Mide y monitorea la temperatura del líquido de refrigeración para evitar sobrecalentamiento del motor.');
INSERT INTO producto (referencia, proveedor_id_proveedor, nombre, precio, pvp, descripcion) VALUES ('84927591', 3, 'Amortiguador', 62987.83, 76215.28, 'Diseñada para proporcionar una chispa confiable y una combustión eficiente en el motor.');
INSERT INTO producto (referencia, proveedor_id_proveedor, nombre, precio, pvp, descripcion) VALUES ('1394152', 6, 'Suspensión', 2555.47, 3092.11, 'Monitorea la presión de los neumáticos y alerta al conductor sobre posibles problemas de inflado.');
INSERT INTO producto (referencia, proveedor_id_proveedor, nombre, precio, pvp, descripcion) VALUES ('85501097', 3, 'Termostato', 85069.60, 102934.22, 'Diseñada para proporcionar una chispa confiable y una combustión eficiente en el motor.');
INSERT INTO producto (referencia, proveedor_id_proveedor, nombre, precio, pvp, descripcion) VALUES ('4703736', 6, 'Freno de disco', 28239.00, 34169.19, 'Diseñada para proporcionar una chispa confiable y una combustión eficiente en el motor.');
INSERT INTO producto (referencia, proveedor_id_proveedor, nombre, precio, pvp, descripcion) VALUES ('51540171', 11, 'Catalizador', 20037.55, 24245.43, 'Conjunto de componentes que permiten la conexión entre el chasis y las ruedas del vehículo.');
INSERT INTO producto (referencia, proveedor_id_proveedor, nombre, precio, pvp, descripcion) VALUES ('54679119', 6, 'Termostato', 38980.10, 47165.92, 'Ayuda a controlar las emisiones de gases y mejora la eficiencia del motor.');
INSERT INTO producto (referencia, proveedor_id_proveedor, nombre, precio, pvp, descripcion) VALUES ('57397939', 3, 'Válvula EGR', 50629.93, 61262.21, 'Suministra combustible desde el depósito hacia el sistema de inyección del motor.');
INSERT INTO producto (referencia, proveedor_id_proveedor, nombre, precio, pvp, descripcion) VALUES ('8503483', 3, 'Pastillas de freno', 59668.87, 72199.33, 'Controla y regula la temperatura del motor, asegurando un rendimiento óptimo en todas las condiciones.');
INSERT INTO producto (referencia, proveedor_id_proveedor, nombre, precio, pvp, descripcion) VALUES ('53736040', 1, 'Sensor de oxígeno', 70537.17, 85349.98, 'Monitorea la presión de los neumáticos y alerta al conductor sobre posibles problemas de inflado.');
INSERT INTO producto (referencia, proveedor_id_proveedor, nombre, precio, pvp, descripcion) VALUES ('34650556', 2, 'Correa de distribución', 25211.71, 30506.17, 'Mide y monitorea la temperatura del líquido de refrigeración para evitar sobrecalentamiento del motor.');
INSERT INTO producto (referencia, proveedor_id_proveedor, nombre, precio, pvp, descripcion) VALUES ('20605736', 4, 'Suspensión', 9650.93, 11677.62, 'Suministra energía eléctrica al sistema del vehículo y carga la batería mientras el motor está en marcha.');
INSERT INTO producto (referencia, proveedor_id_proveedor, nombre, precio, pvp, descripcion) VALUES ('35398576', 5, 'Motor de arranque', 42437.97, 51349.94, 'Conjunto de componentes que permiten la conexión entre el chasis y las ruedas del vehículo.');
INSERT INTO producto (referencia, proveedor_id_proveedor, nombre, precio, pvp, descripcion) VALUES ('71375194', 5, 'Correa de distribución', 82480.87, 99801.85, 'Garantiza un sellado hermético entre la culata y el bloque del motor, evitando fugas de gases o líquidos.');

INSERT INTO parte_vehiculo (id_parte, vehiculo_matricula, cliente_cod_cliente, trabajador_id_trabajador, fecha_factura, fecha_llegada, fecha_salida, is_a_b, observaciones, parte_cerrado, tiempo_empleado, total) VALUES(2, '2726TBD', 23, 9, null, '2013-3-14', '2013-3-22', true, 'Inserte una observación aquí', false, 1, 0);
INSERT INTO parte_vehiculo (id_parte, vehiculo_matricula, cliente_cod_cliente, trabajador_id_trabajador, fecha_factura, fecha_llegada, fecha_salida, is_a_b, observaciones, parte_cerrado, tiempo_empleado, total) VALUES(3, '2782SIN', 17, 5, '2017-1-14', '2016-12-27', '2017-1-4', false, 'Inserte una observación aquí', true, 25, 0);
INSERT INTO parte_vehiculo (id_parte, vehiculo_matricula, cliente_cod_cliente, trabajador_id_trabajador, fecha_factura, fecha_llegada, fecha_salida, is_a_b, observaciones, parte_cerrado, tiempo_empleado, total) VALUES(4, '6433QTN', 20, 11, null, '2018-11-27', '2018-11-30', true, 'Inserte una observación aquí', false, 6, 0);
INSERT INTO parte_vehiculo (id_parte, vehiculo_matricula, cliente_cod_cliente, trabajador_id_trabajador, fecha_factura, fecha_llegada, fecha_salida, is_a_b, observaciones, parte_cerrado, tiempo_empleado, total) VALUES(5, '5927SBD', 5, 11, '2020-10-16', '2020-10-7', '2020-10-8', false, 'Inserte una observación aquí', true, 6, 0);
INSERT INTO parte_vehiculo (id_parte, vehiculo_matricula, cliente_cod_cliente, trabajador_id_trabajador, fecha_factura, fecha_llegada, fecha_salida, is_a_b, observaciones, parte_cerrado, tiempo_empleado, total) VALUES(6, '2537JFV', 2, 4, '2013-3-7', '2013-2-28', '2013-3-5', false, 'Inserte una observación aquí', true, 3, 0);
INSERT INTO parte_vehiculo (id_parte, vehiculo_matricula, cliente_cod_cliente, trabajador_id_trabajador, fecha_factura, fecha_llegada, fecha_salida, is_a_b, observaciones, parte_cerrado, tiempo_empleado, total) VALUES(7, '2587KXY', 15, 10, null, '2018-5-27', '2018-5-28', false, 'Inserte una observación aquí', false, 8, 0);
INSERT INTO parte_vehiculo (id_parte, vehiculo_matricula, cliente_cod_cliente, trabajador_id_trabajador, fecha_factura, fecha_llegada, fecha_salida, is_a_b, observaciones, parte_cerrado, tiempo_empleado, total) VALUES(8, '7482LWJ', 24, 10, null, '2022-4-8', '2022-4-13', true, 'Inserte una observación aquí', false, 27, 0);
INSERT INTO parte_vehiculo (id_parte, vehiculo_matricula, cliente_cod_cliente, trabajador_id_trabajador, fecha_factura, fecha_llegada, fecha_salida, is_a_b, observaciones, parte_cerrado, tiempo_empleado, total) VALUES(9, '5053KNL', 26, 5, '2016-4-13', '2016-4-6', '2016-4-11', true, 'Inserte una observación aquí', true, 14, 0);
INSERT INTO parte_vehiculo (id_parte, vehiculo_matricula, cliente_cod_cliente, trabajador_id_trabajador, fecha_factura, fecha_llegada, fecha_salida, is_a_b, observaciones, parte_cerrado, tiempo_empleado, total) VALUES(10, '8450YFY', 24, 11, null, '2012-3-14', '2012-3-16', true, 'Inserte una observación aquí', false, 26, 0);
INSERT INTO parte_vehiculo (id_parte, vehiculo_matricula, cliente_cod_cliente, trabajador_id_trabajador, fecha_factura, fecha_llegada, fecha_salida, is_a_b, observaciones, parte_cerrado, tiempo_empleado, total) VALUES(11, '1301BNN', 17, 11, null, '2012-8-25', '2012-8-26', true, 'Inserte una observación aquí', false, 16, 0);
INSERT INTO parte_vehiculo (id_parte, vehiculo_matricula, cliente_cod_cliente, trabajador_id_trabajador, fecha_factura, fecha_llegada, fecha_salida, is_a_b, observaciones, parte_cerrado, tiempo_empleado, total) VALUES(12, '3302RHC', 19, 5, null, '2015-6-6', '2015-6-8', true, 'Inserte una observación aquí', false, 19, 0);
INSERT INTO parte_vehiculo (id_parte, vehiculo_matricula, cliente_cod_cliente, trabajador_id_trabajador, fecha_factura, fecha_llegada, fecha_salida, is_a_b, observaciones, parte_cerrado, tiempo_empleado, total) VALUES(13, '5283OXY', 24, 8, '2018-2-13', '2018-1-29', '2018-2-8', false, 'Inserte una observación aquí', true, 3, 0);
INSERT INTO parte_vehiculo (id_parte, vehiculo_matricula, cliente_cod_cliente, trabajador_id_trabajador, fecha_factura, fecha_llegada, fecha_salida, is_a_b, observaciones, parte_cerrado, tiempo_empleado, total) VALUES(14, '7738XMW', 13, 8, null, '2014-5-25', '2014-6-4', true, 'Inserte una observación aquí', false, 25, 0);
INSERT INTO parte_vehiculo (id_parte, vehiculo_matricula, cliente_cod_cliente, trabajador_id_trabajador, fecha_factura, fecha_llegada, fecha_salida, is_a_b, observaciones, parte_cerrado, tiempo_empleado, total) VALUES(15, '241RJB', 26, 8, '2018-3-28', '2018-3-20', '2018-3-27', true, 'Inserte una observación aquí', true, 1, 0);
INSERT INTO parte_vehiculo (id_parte, vehiculo_matricula, cliente_cod_cliente, trabajador_id_trabajador, fecha_factura, fecha_llegada, fecha_salida, is_a_b, observaciones, parte_cerrado, tiempo_empleado, total) VALUES(16, '3945YZV', 5, 8, null, '2020-3-28', '2020-3-30', false, 'Inserte una observación aquí', false, 24, 0);
INSERT INTO parte_vehiculo (id_parte, vehiculo_matricula, cliente_cod_cliente, trabajador_id_trabajador, fecha_factura, fecha_llegada, fecha_salida, is_a_b, observaciones, parte_cerrado, tiempo_empleado, total) VALUES(17, '5283OXY', 10, 10, null, '2016-2-28', '2016-3-6', false, 'Inserte una observación aquí', false, 8, 0);
INSERT INTO parte_vehiculo (id_parte, vehiculo_matricula, cliente_cod_cliente, trabajador_id_trabajador, fecha_factura, fecha_llegada, fecha_salida, is_a_b, observaciones, parte_cerrado, tiempo_empleado, total) VALUES(18, '1411QBE', 19, 3, null, '2014-10-20', '2014-10-27', true, 'Inserte una observación aquí', false, 7, 0);
INSERT INTO parte_vehiculo (id_parte, vehiculo_matricula, cliente_cod_cliente, trabajador_id_trabajador, fecha_factura, fecha_llegada, fecha_salida, is_a_b, observaciones, parte_cerrado, tiempo_empleado, total) VALUES(19, '2537JFV', 15, 8, null, '2013-10-25', '2013-10-26', true, 'Inserte una observación aquí', false, 12, 0);
INSERT INTO parte_vehiculo (id_parte, vehiculo_matricula, cliente_cod_cliente, trabajador_id_trabajador, fecha_factura, fecha_llegada, fecha_salida, is_a_b, observaciones, parte_cerrado, tiempo_empleado, total) VALUES(20, '2192SUY', 26, 3, '2016-11-19', '2016-11-2', '2016-11-12', false, 'Inserte una observación aquí', true, 7, 0);
INSERT INTO parte_vehiculo (id_parte, vehiculo_matricula, cliente_cod_cliente, trabajador_id_trabajador, fecha_factura, fecha_llegada, fecha_salida, is_a_b, observaciones, parte_cerrado, tiempo_empleado, total) VALUES(21, '2537JFV', 27, 6, null, '2016-5-6', '2016-5-10', true, 'Inserte una observación aquí', false, 28, 0);
INSERT INTO parte_vehiculo (id_parte, vehiculo_matricula, cliente_cod_cliente, trabajador_id_trabajador, fecha_factura, fecha_llegada, fecha_salida, is_a_b, observaciones, parte_cerrado, tiempo_empleado, total) VALUES(22, '7482LWJ', 29, 9, '2012-11-26', '2012-11-20', '2012-11-23', false, 'Inserte una observación aquí', true, 15, 0);
INSERT INTO parte_vehiculo (id_parte, vehiculo_matricula, cliente_cod_cliente, trabajador_id_trabajador, fecha_factura, fecha_llegada, fecha_salida, is_a_b, observaciones, parte_cerrado, tiempo_empleado, total) VALUES(23, '5283OXY', 27, 11, '2022-12-14', '2022-12-10', '2022-12-12', true, 'Inserte una observación aquí', true, 27, 0);
INSERT INTO parte_vehiculo (id_parte, vehiculo_matricula, cliente_cod_cliente, trabajador_id_trabajador, fecha_factura, fecha_llegada, fecha_salida, is_a_b, observaciones, parte_cerrado, tiempo_empleado, total) VALUES(24, '7941QLN', 18, 11, null, '2020-4-29', '2020-5-5', true, 'Inserte una observación aquí', false, 9, 0);
INSERT INTO parte_vehiculo (id_parte, vehiculo_matricula, cliente_cod_cliente, trabajador_id_trabajador, fecha_factura, fecha_llegada, fecha_salida, is_a_b, observaciones, parte_cerrado, tiempo_empleado, total) VALUES(25, '5283OXY', 5, 10, null, '2014-8-3', '2014-8-4', true, 'Inserte una observación aquí', false, 14, 0);
INSERT INTO parte_vehiculo (id_parte, vehiculo_matricula, cliente_cod_cliente, trabajador_id_trabajador, fecha_factura, fecha_llegada, fecha_salida, is_a_b, observaciones, parte_cerrado, tiempo_empleado, total) VALUES(26, '2726TBD', 5, 11, null, '2021-2-27', '2021-3-2', false, 'Inserte una observación aquí', false, 28, 0);
INSERT INTO parte_vehiculo (id_parte, vehiculo_matricula, cliente_cod_cliente, trabajador_id_trabajador, fecha_factura, fecha_llegada, fecha_salida, is_a_b, observaciones, parte_cerrado, tiempo_empleado, total) VALUES(27, '1472QIJ', 16, 3, null, '2010-10-17', '2010-10-26', true, 'Inserte una observación aquí', false, 30, 0);
INSERT INTO parte_vehiculo (id_parte, vehiculo_matricula, cliente_cod_cliente, trabajador_id_trabajador, fecha_factura, fecha_llegada, fecha_salida, is_a_b, observaciones, parte_cerrado, tiempo_empleado, total) VALUES(28, '241RJB', 27, 9, '2014-8-12', '2014-8-7', '2014-8-11', false, 'Inserte una observación aquí', true, 12, 0);
INSERT INTO parte_vehiculo (id_parte, vehiculo_matricula, cliente_cod_cliente, trabajador_id_trabajador, fecha_factura, fecha_llegada, fecha_salida, is_a_b, observaciones, parte_cerrado, tiempo_empleado, total) VALUES(29, '1411QBE', 23, 11, '2016-11-23', '2016-11-12', '2016-11-21', true, 'Inserte una observación aquí', true, 16, 0);
INSERT INTO parte_vehiculo (id_parte, vehiculo_matricula, cliente_cod_cliente, trabajador_id_trabajador, fecha_factura, fecha_llegada, fecha_salida, is_a_b, observaciones, parte_cerrado, tiempo_empleado, total) VALUES(30, '6472SSZ', 1, 9, null, '2013-6-1', '2013-6-7', true, 'Inserte una observación aquí', false, 17, 0);
INSERT INTO parte_vehiculo (id_parte, vehiculo_matricula, cliente_cod_cliente, trabajador_id_trabajador, fecha_factura, fecha_llegada, fecha_salida, is_a_b, observaciones, parte_cerrado, tiempo_empleado, total) VALUES(31, '8668IYK', 31, 5, '2010-3-21', '2010-3-9', '2010-3-12', true, 'Inserte una observación aquí', true, 11, 0);
INSERT INTO parte_vehiculo (id_parte, vehiculo_matricula, cliente_cod_cliente, trabajador_id_trabajador, fecha_factura, fecha_llegada, fecha_salida, is_a_b, observaciones, parte_cerrado, tiempo_empleado, total) VALUES(32, '1411QBE', 20, 3, null, '2017-9-6', '2017-9-16', false, 'Inserte una observación aquí', false, 20, 0);
INSERT INTO parte_vehiculo (id_parte, vehiculo_matricula, cliente_cod_cliente, trabajador_id_trabajador, fecha_factura, fecha_llegada, fecha_salida, is_a_b, observaciones, parte_cerrado, tiempo_empleado, total) VALUES(33, '241RJB', 5, 6, '2014-11-8', '2014-10-24', '2014-10-30', true, 'Inserte una observación aquí', true, 28, 0);
INSERT INTO parte_vehiculo (id_parte, vehiculo_matricula, cliente_cod_cliente, trabajador_id_trabajador, fecha_factura, fecha_llegada, fecha_salida, is_a_b, observaciones, parte_cerrado, tiempo_empleado, total) VALUES(34, '6472SSZ', 17, 6, null, '2018-9-14', '2018-9-23', false, 'Inserte una observación aquí', false, 12, 0);
INSERT INTO parte_vehiculo (id_parte, vehiculo_matricula, cliente_cod_cliente, trabajador_id_trabajador, fecha_factura, fecha_llegada, fecha_salida, is_a_b, observaciones, parte_cerrado, tiempo_empleado, total) VALUES(35, '2792SIY', 25, 5, '2015-3-25', '2015-3-17', '2015-3-24', true, 'Inserte una observación aquí', true, 20, 0);
INSERT INTO parte_vehiculo (id_parte, vehiculo_matricula, cliente_cod_cliente, trabajador_id_trabajador, fecha_factura, fecha_llegada, fecha_salida, is_a_b, observaciones, parte_cerrado, tiempo_empleado, total) VALUES(36, '2134JDB', 24, 6, null, '2022-7-3', '2022-7-8', true, 'Inserte una observación aquí', false, 3, 0);
INSERT INTO parte_vehiculo (id_parte, vehiculo_matricula, cliente_cod_cliente, trabajador_id_trabajador, fecha_factura, fecha_llegada, fecha_salida, is_a_b, observaciones, parte_cerrado, tiempo_empleado, total) VALUES(37, '2537JFV', 21, 5, null, '2011-1-6', '2011-1-12', true, 'Inserte una observación aquí', false, 22, 0);
INSERT INTO parte_vehiculo (id_parte, vehiculo_matricula, cliente_cod_cliente, trabajador_id_trabajador, fecha_factura, fecha_llegada, fecha_salida, is_a_b, observaciones, parte_cerrado, tiempo_empleado, total) VALUES(38, '2726TBD', 9, 5, null, '2022-9-7', '2022-9-13', true, 'Inserte una observación aquí', false, 4, 0);
INSERT INTO parte_vehiculo (id_parte, vehiculo_matricula, cliente_cod_cliente, trabajador_id_trabajador, fecha_factura, fecha_llegada, fecha_salida, is_a_b, observaciones, parte_cerrado, tiempo_empleado, total) VALUES(39, '5927SBD', 32, 4, '2019-1-18', '2019-1-14', '2019-1-17', true, 'Inserte una observación aquí', true, 27, 0);
INSERT INTO parte_vehiculo (id_parte, vehiculo_matricula, cliente_cod_cliente, trabajador_id_trabajador, fecha_factura, fecha_llegada, fecha_salida, is_a_b, observaciones, parte_cerrado, tiempo_empleado, total) VALUES(40, '6433QTN', 22, 10, '2022-1-10', '2021-12-24', '2022-1-3', true, 'Inserte una observación aquí', true, 26, 0);
INSERT INTO parte_vehiculo (id_parte, vehiculo_matricula, cliente_cod_cliente, trabajador_id_trabajador, fecha_factura, fecha_llegada, fecha_salida, is_a_b, observaciones, parte_cerrado, tiempo_empleado, total) VALUES(41, '6433QTN', 31, 4, null, '2012-11-18', '2012-11-22', true, 'Inserte una observación aquí', false, 12, 0);
INSERT INTO parte_vehiculo (id_parte, vehiculo_matricula, cliente_cod_cliente, trabajador_id_trabajador, fecha_factura, fecha_llegada, fecha_salida, is_a_b, observaciones, parte_cerrado, tiempo_empleado, total) VALUES(42, '2726TBD', 14, 11, '2011-10-6', '2011-9-19', '2011-9-29', true, 'Inserte una observación aquí', true, 29, 0);
INSERT INTO parte_vehiculo (id_parte, vehiculo_matricula, cliente_cod_cliente, trabajador_id_trabajador, fecha_factura, fecha_llegada, fecha_salida, is_a_b, observaciones, parte_cerrado, tiempo_empleado, total) VALUES(43, '2587KXY', 16, 8, null, '2022-3-12', '2022-3-18', true, 'Inserte una observación aquí', false, 1, 0);
INSERT INTO parte_vehiculo (id_parte, vehiculo_matricula, cliente_cod_cliente, trabajador_id_trabajador, fecha_factura, fecha_llegada, fecha_salida, is_a_b, observaciones, parte_cerrado, tiempo_empleado, total) VALUES(44, '2805RPV', 21, 5, null, '2013-8-19', '2013-8-23', true, 'Inserte una observación aquí', false, 30, 0);
INSERT INTO parte_vehiculo (id_parte, vehiculo_matricula, cliente_cod_cliente, trabajador_id_trabajador, fecha_factura, fecha_llegada, fecha_salida, is_a_b, observaciones, parte_cerrado, tiempo_empleado, total) VALUES(45, '1464LWD', 13, 9, null, '2012-12-29', '2013-1-5', true, 'Inserte una observación aquí', false, 25, 0);
INSERT INTO parte_vehiculo (id_parte, vehiculo_matricula, cliente_cod_cliente, trabajador_id_trabajador, fecha_factura, fecha_llegada, fecha_salida, is_a_b, observaciones, parte_cerrado, tiempo_empleado, total) VALUES(46, '1301BNN', 1, 5, null, '2017-7-16', '2017-7-21', true, 'Inserte una observación aquí', false, 30, 0);
INSERT INTO parte_vehiculo (id_parte, vehiculo_matricula, cliente_cod_cliente, trabajador_id_trabajador, fecha_factura, fecha_llegada, fecha_salida, is_a_b, observaciones, parte_cerrado, tiempo_empleado, total) VALUES(47, '3945YZV', 2, 5, '2018-6-10', '2018-6-3', '2018-6-5', true, 'Inserte una observación aquí', true, 25, 0);
INSERT INTO parte_vehiculo (id_parte, vehiculo_matricula, cliente_cod_cliente, trabajador_id_trabajador, fecha_factura, fecha_llegada, fecha_salida, is_a_b, observaciones, parte_cerrado, tiempo_empleado, total) VALUES(48, '2726TBD', 12, 8, '2014-9-10', '2014-8-29', '2014-9-5', false, 'Inserte una observación aquí', true, 12, 0);
INSERT INTO parte_vehiculo (id_parte, vehiculo_matricula, cliente_cod_cliente, trabajador_id_trabajador, fecha_factura, fecha_llegada, fecha_salida, is_a_b, observaciones, parte_cerrado, tiempo_empleado, total) VALUES(49, '6433QTN', 32, 8, '2012-4-4', '2012-3-29', '2012-3-30', false, 'Inserte una observación aquí', true, 25, 0);
INSERT INTO parte_vehiculo (id_parte, vehiculo_matricula, cliente_cod_cliente, trabajador_id_trabajador, fecha_factura, fecha_llegada, fecha_salida, is_a_b, observaciones, parte_cerrado, tiempo_empleado, total) VALUES(50, '5283OXY', 28, 12, null, '2021-3-25', '2021-3-29', true, 'Inserte una observación aquí', false, 3, 0);
INSERT INTO parte_vehiculo (id_parte, vehiculo_matricula, cliente_cod_cliente, trabajador_id_trabajador, fecha_factura, fecha_llegada, fecha_salida, is_a_b, observaciones, parte_cerrado, tiempo_empleado, total) VALUES(51, '2805RPV', 18, 11, '2023-7-17', '2023-7-6', '2023-7-10', true, 'Inserte una observación aquí', true, 28, 0);


ALTER SEQUENCE hibernate_sequence RESTART WITH 1000;