insert into Cliente (cod_cliente, dni, nombre, apellidos, telefono, email) values (1, '926383728N', 'Pepe', 'Fanegas Deleto', '959632748', 'pepefan@gmail.com');
insert into Cliente (cod_cliente, dni, nombre, apellidos, telefono, email) values (2, '534109283F', 'Antonio', 'Vicente Cortés', '738028374', 'veceantonio@gmail.com');
INSERT INTO cliente (cod_cliente, dni, nombre, apellidos, telefono, email) VALUES (3, '340398252V', 'Maria', 'Alonso Garcia', '235270276', 'MariaAlonso@gmail.com');
INSERT INTO cliente (cod_cliente, dni, nombre, apellidos, telefono, email) VALUES (4, '127765455H', 'Manolo', 'González Moreno', '807341669', 'ManoloGonzález@gmail.com');
INSERT INTO cliente (cod_cliente, dni, nombre, apellidos, telefono, email) VALUES (5, '111388665G', 'Laura', 'González Alonso', '808882282', 'LauraGonzález@gmail.com');
INSERT INTO cliente (cod_cliente, dni, nombre, apellidos, telefono, email) VALUES (6, '679662474U', 'Manolo', 'Mellado Serna', '426588850', 'ManoloMellado@gmail.com');
INSERT INTO cliente (cod_cliente, dni, nombre, apellidos, telefono, email) VALUES (7, '718421119O', 'Laura', 'Ruiz Romero', '947847215', 'LauraRuiz@gmail.com');
INSERT INTO cliente (cod_cliente, dni, nombre, apellidos, telefono, email) VALUES (8, '217707502R', 'Antonio', 'Rodríguez Moreno', '446882134', 'AntonioRodríguez@gmail.com');
INSERT INTO cliente (cod_cliente, dni, nombre, apellidos, telefono, email) VALUES (9, '394425518J', 'Roberto', 'Cortés Serna', '258723606', 'RobertoCortés@gmail.com');
INSERT INTO cliente (cod_cliente, dni, nombre, apellidos, telefono, email) VALUES (10, '583821944P', 'Marta', 'Romero Cortés', '565076602', 'MartaRomero@gmail.com');
INSERT INTO cliente (cod_cliente, dni, nombre, apellidos, telefono, email) VALUES (11, '215809628W', 'Francisco', 'Serna Garcia', '591386191', 'FranciscoSerna@gmail.com');
INSERT INTO cliente (cod_cliente, dni, nombre, apellidos, telefono, email) VALUES (12, '572358060Z', 'Francisco', 'González Serna', '587988393', 'FranciscoGonzález@gmail.com');
INSERT INTO cliente (cod_cliente, dni, nombre, apellidos, telefono, email) VALUES (13, '118537052M', 'Manolo', 'Romero Mellado', '944352374', 'ManoloRomero@gmail.com');
INSERT INTO cliente (cod_cliente, dni, nombre, apellidos, telefono, email) VALUES (14, '180741506W', 'Marta', 'Moreno González', '169603000', 'MartaMoreno@gmail.com');
INSERT INTO cliente (cod_cliente, dni, nombre, apellidos, telefono, email) VALUES (15, '534444417K', 'Manolo', 'Mellado Cortés', '179094482', 'ManoloMellado@gmail.com');
INSERT INTO cliente (cod_cliente, dni, nombre, apellidos, telefono, email) VALUES (16, '264948582H', 'Francisco', 'Rodríguez Romero', '515272373', 'FranciscoRodríguez@gmail.com');
INSERT INTO cliente (cod_cliente, dni, nombre, apellidos, telefono, email) VALUES (17, '239583734T', 'Vicente', 'Alonso Rodríguez', '184458487', 'VicenteAlonso@gmail.com');
INSERT INTO cliente (cod_cliente, dni, nombre, apellidos, telefono, email) VALUES (18, '195373500Y', 'Roberto', 'Romero Alonso', '668332813', 'RobertoRomero@gmail.com');
INSERT INTO cliente (cod_cliente, dni, nombre, apellidos, telefono, email) VALUES (19, '322678164Z', 'Crristian', 'Moreno Garcia', '223045701', 'CrristianMoreno@gmail.com');
INSERT INTO cliente (cod_cliente, dni, nombre, apellidos, telefono, email) VALUES (20, '914272153U', 'Francisco', 'González Rodríguez', '444724233', 'FranciscoGonzález@gmail.com');
INSERT INTO cliente (cod_cliente, dni, nombre, apellidos, telefono, email) VALUES (21, '703793454H', 'Laura', 'Rodríguez Mellado', '733562810', 'LauraRodríguez@gmail.com');
INSERT INTO cliente (cod_cliente, dni, nombre, apellidos, telefono, email) VALUES (22, '707032918V', 'Roberto', 'Romero González', '341313905', 'RobertoRomero@gmail.com');
INSERT INTO cliente (cod_cliente, dni, nombre, apellidos, telefono, email) VALUES (23, '141503268I', 'Laura', 'Ruiz Moreno', '243404868', 'LauraRuiz@gmail.com');
INSERT INTO cliente (cod_cliente, dni, nombre, apellidos, telefono, email) VALUES (24, '712111995V', 'Antonio', 'Serna Cortés', '270504360', 'AntonioSerna@gmail.com');
INSERT INTO cliente (cod_cliente, dni, nombre, apellidos, telefono, email) VALUES (25, '612953967E', 'Crristian', 'Alonso González', '573120249', 'CrristianAlonso@gmail.com');
INSERT INTO cliente (cod_cliente, dni, nombre, apellidos, telefono, email) VALUES (26, '621041388E', 'Vicente', 'González Mellado', '525126842', 'VicenteGonzález@gmail.com');
INSERT INTO cliente (cod_cliente, dni, nombre, apellidos, telefono, email) VALUES (27, '705141516K', 'Antonio', 'Romero Ruiz', '119002248', 'AntonioRomero@gmail.com');
INSERT INTO cliente (cod_cliente, dni, nombre, apellidos, telefono, email) VALUES (28, '552577069B', 'Antonio', 'González Garcia', '950136795', 'AntonioGonzález@gmail.com');
INSERT INTO cliente (cod_cliente, dni, nombre, apellidos, telefono, email) VALUES (29, '725586207B', 'Marta', 'González Mellado', '196706755', 'MartaGonzález@gmail.com');
INSERT INTO cliente (cod_cliente, dni, nombre, apellidos, telefono, email) VALUES (30, '834037757N', 'Marta', 'González Alonso', '766251291', 'MartaGonzález@gmail.com');
INSERT INTO cliente (cod_cliente, dni, nombre, apellidos, telefono, email) VALUES (31, '210251715I', 'Vicente', 'Romero Mellado', '512009323', 'VicenteRomero@gmail.com');
INSERT INTO cliente (cod_cliente, dni, nombre, apellidos, telefono, email) VALUES (32, '305278741T', 'Laura', 'Serna Ruiz', '732511479', 'LauraSerna@gmail.com');

insert into Trabajador (id_trabajador, fecha_nacimiento, dni, nombre, apellidos, foto_trabajador, is_admin) values (1, '1999-02-03', '819473842M', 'Trevor', 'Santo Triste', 'https://robohash.org/129837', false);
insert into Trabajador (id_trabajador, fecha_nacimiento, dni, nombre, apellidos, foto_trabajador, is_admin) values (12, '1983-12-23', '837291048S', 'Vicente', 'Del Bosque', 'https://robohash.org/323487', false);
INSERT INTO trabajador (id_trabajador, fecha_nacimiento, dni, nombre, apellidos, foto_trabajador) values (2, ' 1996-3-1', '827226922Y', 'Vicente', 'Moreno Mellado', 'http://robohash.org/VicenteMoreno/');
INSERT INTO trabajador (id_trabajador, fecha_nacimiento, dni, nombre, apellidos, foto_trabajador) values (3, ' 1997-7-12', '482040112G', 'Manolo', 'Moreno Serna', 'http://robohash.org/ManoloMoreno/');
INSERT   INTO trabajador (id_trabajador, fecha_nacimiento, dni, nombre, apellidos, foto_trabajador) values (4, ' 2000-9-27', '893969818X', 'Crristian', 'Rodríguez Cortés', 'http://robohash.org/CrristianRodríguez/');
INSERT INTO trabajador (id_trabajador, fecha_nacimiento, dni, nombre, apellidos, foto_trabajador) values (5, ' 1996-6-4', '733901144R', 'Roberto', 'González Garcia', 'http://robohash.org/RobertoGonzález/');
INSERT INTO trabajador (id_trabajador, fecha_nacimiento, dni, nombre, apellidos, foto_trabajador) values (6, ' 1983-8-21', '971730306C', 'Crristian', 'Ruiz González', 'http://robohash.org/CrristianRuiz/');
INSERT INTO trabajador (id_trabajador, fecha_nacimiento, dni, nombre, apellidos, foto_trabajador) values (7, ' 1983-5-25', '196576925F', 'Francisco', 'Ruiz Alonso', 'http://robohash.org/FranciscoRuiz/');
INSERT INTO trabajador (id_trabajador, fecha_nacimiento, dni, nombre, apellidos, foto_trabajador) values (8, ' 1997-3-7', '811484689V', 'Maria', 'Garcia Cortés', 'http://robohash.org/MariaGarcia/');
INSERT INTO trabajador (id_trabajador, fecha_nacimiento, dni, nombre, apellidos, foto_trabajador) values (9, ' 1995-9-22', '936617545F', 'Crristian', 'Ruiz Garcia', 'http://robohash.org/CrristianRuiz/');
INSERT INTO trabajador (id_trabajador, fecha_nacimiento, dni, nombre, apellidos, foto_trabajador) values (10, ' 1998-9-24', '174937138K', 'Francisco', 'Moreno Alonso', 'http://robohash.org/FranciscoMoreno/');
INSERT INTO trabajador (id_trabajador, fecha_nacimiento, dni, nombre, apellidos, foto_trabajador) values (11, ' 1995-5-13', '875085696P', 'Francisco', 'Mellado González', 'http://robohash.org/FranciscoMellado/');

insert into Vehiculo (matricula, tipo_vehiculo, bastidor, marca, modelo) values ('2938GAK', 'AUTOBUS', 'kjas82dskj3', 'Audi', 'A3');
insert into Vehiculo (matricula, tipo_vehiculo, bastidor, marca, modelo) values ('7482LWJ', 'TURISMO', 'yqiebc82nd1', 'BMW', 'serie X');
INSERT INTO vehiculo (matricula, tipo_vehiculo, bastidor, marca, modelo) VALUES ('2537JFV', 'TURISMO', 'R9IVXWXNFV7UQJG88', 'peugeot', 'hatchback');
INSERT INTO vehiculo (matricula, tipo_vehiculo, bastidor, marca, modelo) VALUES ('6786FMG', 'FURGONETA', 'RJENJYCLEII8W9LRM', 'lexus', 'hatchback');
INSERT INTO vehiculo (matricula, tipo_vehiculo, bastidor, marca, modelo) VALUES ('1472QIJ', 'TURISMO', 'J9B2HKBMG1XIHZE52', 'toyota', '76v');
INSERT INTO vehiculo (matricula, tipo_vehiculo, bastidor, marca, modelo) VALUES ('3728COM', 'FURGONETA', 'M73CPODYKYV8YE4LN', 'BMW', 'mini');
INSERT INTO vehiculo (matricula, tipo_vehiculo, bastidor, marca, modelo) VALUES ('4951OND', 'TURISMO', 'LB66SVIR91PY19CP6', 'volkswagen', 'hatchback');
INSERT INTO vehiculo (matricula, tipo_vehiculo, bastidor, marca, modelo) VALUES ('2587KXY', 'AUTOBUS', 'Z910PNOM2YRBJ27658', 'lexus', 'snippet');
INSERT INTO vehiculo (matricula, tipo_vehiculo, bastidor, marca, modelo) VALUES ('3302RHC', 'COMPACTO', 'ZWZS8BVQ2XJS2Z10OX', 'volkswagen', 'pn23');
INSERT INTO vehiculo (matricula, tipo_vehiculo, bastidor, marca, modelo) VALUES ('1301BNN', 'FURGONETA', 'QDL19QDECXX7ZSIXR', 'Hyundai', 'pn23');
INSERT INTO vehiculo (matricula, tipo_vehiculo, bastidor, marca, modelo) VALUES ('2805RPV', 'TURISMO', 'V831QVXCQCZRNK8JR', 'Hyundai', 'hatchback');
INSERT INTO vehiculo (matricula, tipo_vehiculo, bastidor, marca, modelo) VALUES ('6862KGO', 'FURGONETA', 'WI236IYWJSJ189K1I', 'toyota', '76v');
INSERT INTO vehiculo (matricula, tipo_vehiculo, bastidor, marca, modelo) VALUES ('6767XCU', 'TURISMO', 'J5LY5EWQ8X9PT4T1T', 'volkswagen', '76v');
INSERT INTO vehiculo (matricula, tipo_vehiculo, bastidor, marca, modelo) VALUES ('1411QBE', 'COMPACTO', 'N5WNY9H6SKZHMB5KT', 'peugeot', 'coupe');
INSERT INTO vehiculo (matricula, tipo_vehiculo, bastidor, marca, modelo) VALUES ('2726TBD', 'AUTOBUS', 'C1652B3U96IRQO6US', 'lexus', 'xsara');
INSERT INTO vehiculo (matricula, tipo_vehiculo, bastidor, marca, modelo) VALUES ('7738XMW', 'COMPACTO', '1ZN8R1E626Y15381N', 'lexus', 'golf');
INSERT INTO vehiculo (matricula, tipo_vehiculo, bastidor, marca, modelo) VALUES ('6433QTN', 'AUTOBUS', 'WJVTJG7106BZYSHFZO', 'Citroen', 'mini');
INSERT INTO vehiculo (matricula, tipo_vehiculo, bastidor, marca, modelo) VALUES ('241RJB', 'TURISMO', 'FZ5PY96TUWVWNHH910', 'peugeot', 'snippet');
INSERT INTO vehiculo (matricula, tipo_vehiculo, bastidor, marca, modelo) VALUES ('1464LWD', 'TURISMO', '35NM6LERFL8RZ1TRJ', 'BMW', 'xsara');
INSERT INTO vehiculo (matricula, tipo_vehiculo, bastidor, marca, modelo) VALUES ('7042GPM', 'AUTOBUS', 'C9H4HR9QDBR9CXF5F', 'toyota', 'golf');
INSERT INTO vehiculo (matricula, tipo_vehiculo, bastidor, marca, modelo) VALUES ('7941QLN', 'TURISMO', '8V10877MYW8WQ58BJZ', 'BMW', 'golf');
INSERT INTO vehiculo (matricula, tipo_vehiculo, bastidor, marca, modelo) VALUES ('6472SSZ', 'COMPACTO', 'Q5JR39W3X8E7GX10BP', 'peugeot', 'i30');
INSERT INTO vehiculo (matricula, tipo_vehiculo, bastidor, marca, modelo) VALUES ('8450YFY', 'TURISMO', 'RSM1OTVYHW665PJ4X', 'toyota', 'snippet');
INSERT INTO vehiculo (matricula, tipo_vehiculo, bastidor, marca, modelo) VALUES ('5053KNL', 'AUTOBUS', 'LOY10JJFHIN3DPMGVS', 'Hyundai', 'xsara');
INSERT INTO vehiculo (matricula, tipo_vehiculo, bastidor, marca, modelo) VALUES ('5283OXY', 'COMPACTO', 'W8CDV91LVPLCS9JBY', 'Citroen', 'snippet');
INSERT INTO vehiculo (matricula, tipo_vehiculo, bastidor, marca, modelo) VALUES ('2792SIY', 'COMPACTO', 'QV4K1RGBM9N1J10XU5', 'lexus', 'XV1');
INSERT INTO vehiculo (matricula, tipo_vehiculo, bastidor, marca, modelo) VALUES ('2134JDB', 'TURISMO', 'DZKK6GB9OMTYQKLIB', 'peugeot', 'a20x');
INSERT INTO vehiculo (matricula, tipo_vehiculo, bastidor, marca, modelo) VALUES ('8668IYK', 'FURGONETA', 'Z10HGJ55ZDP1K2510TB', 'volkswagen', 'mini');
INSERT INTO vehiculo (matricula, tipo_vehiculo, bastidor, marca, modelo) VALUES ('713ISM', 'COMPACTO', '9KSIKGJ2UI10EGUI10P', 'peugeot', 'hatchback');
INSERT INTO vehiculo (matricula, tipo_vehiculo, bastidor, marca, modelo) VALUES ('5927SBD', 'COMPACTO', 'V10OF4XX57EFDRWI3P', 'Hyundai', 'xsara');
INSERT INTO vehiculo (matricula, tipo_vehiculo, bastidor, marca, modelo) VALUES ('3945YZV', 'FURGONETA', '4PZ839SUQSBY710810B', 'Hyundai', 'hatchback');
INSERT INTO vehiculo (matricula, tipo_vehiculo, bastidor, marca, modelo) VALUES ('8223TTF', 'COMPACTO', 'B6ZSH3DTLKXUTX2IZ', 'Hyundai', 'mini');


insert into proveedor (id_proveedor, nombre, direccion, descripcion) values (1, 'Lodrones', 'C/laundra 23', 'distribuidor de trocolas');
INSERT INTO proveedor (id_proveedor, nombre, direccion, descripcion) VALUES (2, 'SpeedTech', 'C/Oak Lane nº 67', 'Especialistas en sistemas de escape de alto rendimiento.');
INSERT INTO proveedor (id_proveedor, nombre, direccion, descripcion) VALUES (3, 'AutoPartsPlus', 'C/Alder Court nº 89', 'Proveedor de productos de fibra de carbono para automóviles.');
INSERT INTO proveedor (id_proveedor, nombre, direccion, descripcion) VALUES (4, 'RaceGear', 'C/Beech Avenue nº 93', 'Proveedor de productos de fibra de carbono para automóviles.');
INSERT INTO proveedor (id_proveedor, nombre, direccion, descripcion) VALUES (5, 'MotorSportSupplies', 'C/Oak Lane nº 50', 'Especialistas en accesorios y componentes para drift.');
INSERT INTO proveedor (id_proveedor, nombre, direccion, descripcion) VALUES (6, 'TurboTech', 'C/Sycamore Court nº 81', 'Suministro de combustible de alto octanaje para competición.');
INSERT INTO proveedor (id_proveedor, nombre, direccion, descripcion) VALUES (7, 'PerformanceWheels', 'C/Poplar Place nº 86', 'Suministro de combustible de alto octanaje para competición.');
INSERT INTO proveedor (id_proveedor, nombre, direccion, descripcion) VALUES (8, 'TrackTires', 'C/Birch Street nº 86', 'Fabricantes de kits de carrocería aerodinámicos.');
INSERT INTO proveedor (id_proveedor, nombre, direccion, descripcion) VALUES (9, 'ExhaustMasters', 'C/Birch Street nº 3', 'Ofrecemos equipamiento para pilotos y entusiastas del automovilismo.');
INSERT INTO proveedor (id_proveedor, nombre, direccion, descripcion) VALUES (10, 'CarbonFiberTech', 'C/Cypress Circle nº 76', 'Fabricantes de kits de carrocería aerodinámicos.');
INSERT INTO proveedor (id_proveedor, nombre, direccion, descripcion) VALUES (11, 'RacingBrakeSystems', 'C/Juniper Lane nº 97', 'Expertos en sistemas de turboalimentación de alto rendimiento.');


insert into producto (referencia, proveedor_id_proveedor, nombre, precio, pvp, descripcion) values ('kj23jsd', 1, 'junta la trocola', 12.3, 15, 'una perfercamente normal junta la trocola');
INSERT INTO producto (referencia, proveedor_id_proveedor, nombre, precio, pvp, descripcion) VALUES ('13465424', 1, 'Motor de arranque', 81372.40, 98460.60, 'Garantiza un sellado hermético entre la culata y el bloque del motor, evitando fugas de gases o líquidos.');
INSERT INTO producto (referencia, proveedor_id_proveedor, nombre, precio, pvp, descripcion) VALUES ('70684030', 11, 'Sensor de oxígeno', 4806.15, 5815.44, 'Ofrece una frenada potente y efectiva, proporcionando seguridad y control al vehículo.');
INSERT INTO producto (referencia, proveedor_id_proveedor, nombre, precio, pvp, descripcion) VALUES ('60087105', 3, 'Radiador', 27118.52, 32813.41, 'Conjunto de componentes que permiten la transmisión de potencia entre el motor y la caja de cambios.');
INSERT INTO producto (referencia, proveedor_id_proveedor, nombre, precio, pvp, descripcion) VALUES ('88834278', 2, 'Alternador', 2318.54, 2805.43, 'Garantiza un sellado hermético entre la culata y el bloque del motor, evitando fugas de gases o líquidos.');
INSERT INTO producto (referencia, proveedor_id_proveedor, nombre, precio, pvp, descripcion) VALUES ('59103631', 5, 'Termostato', 38697.00, 46823.37, 'Monitorea la cantidad de oxígeno en los gases de escape para ajustar la mezcla de combustible y aire.');
INSERT INTO producto (referencia, proveedor_id_proveedor, nombre, precio, pvp, descripcion) VALUES ('18458313', 2, 'Termostato', 37741.39, 45667.09, 'Conjunto de componentes que permiten la transmisión de potencia entre el motor y la caja de cambios.');
INSERT INTO producto (referencia, proveedor_id_proveedor, nombre, precio, pvp, descripcion) VALUES ('87011668', 7, 'Sensor de presión de neumáticos', 7288.68, 8819.31, 'Mide y monitorea la temperatura del líquido de refrigeración para evitar sobrecalentamiento del motor.');
INSERT INTO producto (referencia, proveedor_id_proveedor, nombre, precio, pvp, descripcion) VALUES ('84927591', 3, 'Amortiguador', 62987.83, 76215.28, 'Diseñada para proporcionar una chispa confiable y una combustión eficiente en el motor.');
INSERT INTO producto (referencia, proveedor_id_proveedor, nombre, precio, pvp, descripcion) VALUES ('1394152', 6, 'Suspensión', 2555.47, 3092.11, 'Monitorea la presión de los neumáticos y alerta al conductor sobre posibles problemas de inflado.');
INSERT INTO producto (referencia, proveedor_id_proveedor, nombre, precio, pvp, descripcion) VALUES ('85501097', 3, 'Termostato', 85069.60, 102934.22, 'Diseñada para proporcionar una chispa confiable y una combustión eficiente en el motor.');
INSERT INTO producto (referencia, proveedor_id_proveedor, nombre, precio, pvp, descripcion) VALUES ('4703736', 6, 'Freno de disco', 28239.00, 34169.19, 'Diseñada para proporcionar una chispa confiable y una combustión eficiente en el motor.');
INSERT INTO producto (referencia, proveedor_id_proveedor, nombre, precio, pvp, descripcion) VALUES ('51540171', 11, 'Catalizador', 20037.55, 24245.43, 'Conjunto de componentes que permiten la conexión entre el chasis y las ruedas del vehículo.');
INSERT INTO producto (referencia, proveedor_id_proveedor, nombre, precio, pvp, descripcion) VALUES ('54679119', 6, 'Termostato', 38980.10, 47165.92, 'Ayuda a controlar las emisiones de gases y mejora la eficiencia del motor.');
INSERT INTO producto (referencia, proveedor_id_proveedor, nombre, precio, pvp, descripcion) VALUES ('57397939', 3, 'Válvula EGR', 50629.93, 61262.21, 'Suministra combustible desde el depósito hacia el sistema de inyección del motor.');
INSERT INTO producto (referencia, proveedor_id_proveedor, nombre, precio, pvp, descripcion) VALUES ('8503483', 3, 'Pastillas de freno', 59668.87, 72199.33, 'Controla y regula la temperatura del motor, asegurando un rendimiento óptimo en todas las condiciones.');
INSERT INTO producto (referencia, proveedor_id_proveedor, nombre, precio, pvp, descripcion) VALUES ('53736040', 1, 'Sensor de oxígeno', 70537.17, 85349.98, 'Monitorea la presión de los neumáticos y alerta al conductor sobre posibles problemas de inflado.');
INSERT INTO producto (referencia, proveedor_id_proveedor, nombre, precio, pvp, descripcion) VALUES ('34650556', 2, 'Correa de distribución', 25211.71, 30506.17, 'Mide y monitorea la temperatura del líquido de refrigeración para evitar sobrecalentamiento del motor.');
INSERT INTO producto (referencia, proveedor_id_proveedor, nombre, precio, pvp, descripcion) VALUES ('20605736', 4, 'Suspensión', 9650.93, 11677.62, 'Suministra energía eléctrica al sistema del vehículo y carga la batería mientras el motor está en marcha.');
INSERT INTO producto (referencia, proveedor_id_proveedor, nombre, precio, pvp, descripcion) VALUES ('35398576', 5, 'Motor de arranque', 42437.97, 51349.94, 'Conjunto de componentes que permiten la conexión entre el chasis y las ruedas del vehículo.');
INSERT INTO producto (referencia, proveedor_id_proveedor, nombre, precio, pvp, descripcion) VALUES ('71375194', 5, 'Correa de distribución', 82480.87, 99801.85, 'Garantiza un sellado hermético entre la culata y el bloque del motor, evitando fugas de gases o líquidos.');

INSERT INTO parte_vehiculo (id_parte, vehiculo_matricula, cliente_cod_cliente, trabajador_id_trabajador, fecha_factura, fecha_llegada, fecha_salida, is_a_b, observaciones, parte_cerrado, tiempo_empleado, total) VALUES (1, '7482LWJ', 2, 2, null, null, null, false, 'no', false, 0, 0.0);
INSERT INTO parte_vehiculo (id_parte, vehiculo_matricula, cliente_cod_cliente, trabajador_id_trabajador, fecha_factura, fecha_llegada, fecha_salida, is_a_b, observaciones, parte_cerrado, tiempo_empleado, total) VALUES(2, '2805RPV', '12', '10', '2021-4-6', '2021-3-29', '2021-4-5', true, 'Inserte una observación aquí', true, 11, 0);
INSERT INTO parte_vehiculo (id_parte, vehiculo_matricula, cliente_cod_cliente, trabajador_id_trabajador, fecha_factura, fecha_llegada, fecha_salida, is_a_b, observaciones, parte_cerrado, tiempo_empleado, total) VALUES(3, '6862KGO', '21', '3', '2021-5-29', '2021-5-12', '2021-5-20', false, 'Inserte una observación aquí', true, 9, 0);
INSERT INTO parte_vehiculo (id_parte, vehiculo_matricula, cliente_cod_cliente, trabajador_id_trabajador, fecha_factura, fecha_llegada, fecha_salida, is_a_b, observaciones, parte_cerrado, tiempo_empleado, total) VALUES(4, '2726TBD', '30', '7', null, '2019-6-23', '2019-6-29', false, 'Inserte una observación aquí', false, 23, 0);
INSERT INTO parte_vehiculo (id_parte, vehiculo_matricula, cliente_cod_cliente, trabajador_id_trabajador, fecha_factura, fecha_llegada, fecha_salida, is_a_b, observaciones, parte_cerrado, tiempo_empleado, total) VALUES(5, '8450YFY', '11', '11', null, '2010-7-24', '2010-7-26', false, 'Inserte una observación aquí', false, 28, 0);
INSERT INTO parte_vehiculo (id_parte, vehiculo_matricula, cliente_cod_cliente, trabajador_id_trabajador, fecha_factura, fecha_llegada, fecha_salida, is_a_b, observaciones, parte_cerrado, tiempo_empleado, total) VALUES(6, '7042GPM', '9', '12', null, '2015-7-31', '2015-8-4', true, 'Inserte una observación aquí', false, 6, 0);
INSERT INTO parte_vehiculo (id_parte, vehiculo_matricula, cliente_cod_cliente, trabajador_id_trabajador, fecha_factura, fecha_llegada, fecha_salida, is_a_b, observaciones, parte_cerrado, tiempo_empleado, total) VALUES(7, '8668IYK', '26', '2', null, '2013-9-26', '2013-9-28', true, 'Inserte una observación aquí', false, 24, 0);
INSERT INTO parte_vehiculo (id_parte, vehiculo_matricula, cliente_cod_cliente, trabajador_id_trabajador, fecha_factura, fecha_llegada, fecha_salida, is_a_b, observaciones, parte_cerrado, tiempo_empleado, total) VALUES(8, '713ISM', '12', '3', '2022-6-27', '2022-6-9', '2022-6-17', false, 'Inserte una observación aquí', true, 25, 0);
INSERT INTO parte_vehiculo (id_parte, vehiculo_matricula, cliente_cod_cliente, trabajador_id_trabajador, fecha_factura, fecha_llegada, fecha_salida, is_a_b, observaciones, parte_cerrado, tiempo_empleado, total) VALUES(9, '713ISM', '23', '4', '2021-2-18', '2021-2-7', '2021-2-8', false, 'Inserte una observación aquí', true, 11, 0);
INSERT INTO parte_vehiculo (id_parte, vehiculo_matricula, cliente_cod_cliente, trabajador_id_trabajador, fecha_factura, fecha_llegada, fecha_salida, is_a_b, observaciones, parte_cerrado, tiempo_empleado, total) VALUES(10, '6433QTN', '1', '4', null, '2017-9-9', '2017-9-17', false, 'Inserte una observación aquí', false, 30, 0);
INSERT INTO parte_vehiculo (id_parte, vehiculo_matricula, cliente_cod_cliente, trabajador_id_trabajador, fecha_factura, fecha_llegada, fecha_salida, is_a_b, observaciones, parte_cerrado, tiempo_empleado, total) VALUES(11, '6433QTN', '11', '8', '2015-5-12', '2015-5-4', '2015-5-11', false, 'Inserte una observación aquí', true, 2, 0);
INSERT INTO parte_vehiculo (id_parte, vehiculo_matricula, cliente_cod_cliente, trabajador_id_trabajador, fecha_factura, fecha_llegada, fecha_salida, is_a_b, observaciones, parte_cerrado, tiempo_empleado, total) VALUES(12, '3728COM', '30', '10', null, '2021-2-6', '2021-2-7', true, 'Inserte una observación aquí', false, 25, 0);
INSERT INTO parte_vehiculo (id_parte, vehiculo_matricula, cliente_cod_cliente, trabajador_id_trabajador, fecha_factura, fecha_llegada, fecha_salida, is_a_b, observaciones, parte_cerrado, tiempo_empleado, total) VALUES(13, '6472SSZ', '16', '9', '2013-10-24', '2013-10-7', '2013-10-14', false, 'Inserte una observación aquí', true, 20, 0);
INSERT INTO parte_vehiculo (id_parte, vehiculo_matricula, cliente_cod_cliente, trabajador_id_trabajador, fecha_factura, fecha_llegada, fecha_salida, is_a_b, observaciones, parte_cerrado, tiempo_empleado, total) VALUES(14, '6862KGO', '11', '11', '2012-10-14', '2012-10-3', '2012-10-4', true, 'Inserte una observación aquí', true, 10, 0);
INSERT INTO parte_vehiculo (id_parte, vehiculo_matricula, cliente_cod_cliente, trabajador_id_trabajador, fecha_factura, fecha_llegada, fecha_salida, is_a_b, observaciones, parte_cerrado, tiempo_empleado, total) VALUES(15, '2134JDB', '11', '4', '2020-4-21', '2020-4-13', '2020-4-17', false, 'Inserte una observación aquí', true, 8, 0);
INSERT INTO parte_vehiculo (id_parte, vehiculo_matricula, cliente_cod_cliente, trabajador_id_trabajador, fecha_factura, fecha_llegada, fecha_salida, is_a_b, observaciones, parte_cerrado, tiempo_empleado, total) VALUES(16, '7042GPM', '3', '3', '2015-2-21', '2015-2-2', '2015-2-12', true, 'Inserte una observación aquí', true, 7, 0);
INSERT INTO parte_vehiculo (id_parte, vehiculo_matricula, cliente_cod_cliente, trabajador_id_trabajador, fecha_factura, fecha_llegada, fecha_salida, is_a_b, observaciones, parte_cerrado, tiempo_empleado, total) VALUES(17, '6433QTN', '17', '11', null, '2021-8-1', '2021-8-3', false, 'Inserte una observación aquí', false, 7, 0);
INSERT INTO parte_vehiculo (id_parte, vehiculo_matricula, cliente_cod_cliente, trabajador_id_trabajador, fecha_factura, fecha_llegada, fecha_salida, is_a_b, observaciones, parte_cerrado, tiempo_empleado, total) VALUES(18, '2587KXY', '6', '11', null, '2016-2-29', '2016-3-8', true, 'Inserte una observación aquí', false, 29, 0);
INSERT INTO parte_vehiculo (id_parte, vehiculo_matricula, cliente_cod_cliente, trabajador_id_trabajador, fecha_factura, fecha_llegada, fecha_salida, is_a_b, observaciones, parte_cerrado, tiempo_empleado, total) VALUES(19, '8223TTF', '29', '2', null, '2010-2-24', '2010-2-25', true, 'Inserte una observación aquí', false, 6, 0);
INSERT INTO parte_vehiculo (id_parte, vehiculo_matricula, cliente_cod_cliente, trabajador_id_trabajador, fecha_factura, fecha_llegada, fecha_salida, is_a_b, observaciones, parte_cerrado, tiempo_empleado, total) VALUES(20, '3945YZV', '12', '5', null, '2011-11-30', '2011-12-5', true, 'Inserte una observación aquí', false, 12, 0);
INSERT INTO parte_vehiculo (id_parte, vehiculo_matricula, cliente_cod_cliente, trabajador_id_trabajador, fecha_factura, fecha_llegada, fecha_salida, is_a_b, observaciones, parte_cerrado, tiempo_empleado, total) VALUES(21, '6786FMG', '15', '10', null, '2010-11-3', '2010-11-4', true, 'Inserte una observación aquí', false, 23, 0);
INSERT INTO parte_vehiculo (id_parte, vehiculo_matricula, cliente_cod_cliente, trabajador_id_trabajador, fecha_factura, fecha_llegada, fecha_salida, is_a_b, observaciones, parte_cerrado, tiempo_empleado, total) VALUES(22, '8223TTF', '32', '4', '2020-2-18', '2020-2-10', '2020-2-12', false, 'Inserte una observación aquí', true, 25, 0);
INSERT INTO parte_vehiculo (id_parte, vehiculo_matricula, cliente_cod_cliente, trabajador_id_trabajador, fecha_factura, fecha_llegada, fecha_salida, is_a_b, observaciones, parte_cerrado, tiempo_empleado, total) VALUES(23, '7482LWJ', '29', '8', '2015-5-25', '2015-5-12', '2015-5-17', false, 'Inserte una observación aquí', true, 29, 0);
INSERT INTO parte_vehiculo (id_parte, vehiculo_matricula, cliente_cod_cliente, trabajador_id_trabajador, fecha_factura, fecha_llegada, fecha_salida, is_a_b, observaciones, parte_cerrado, tiempo_empleado, total) VALUES(24, '8668IYK', '31', '5', null, '2013-7-30', '2013-8-9', true, 'Inserte una observación aquí', false, 16, 0);
INSERT INTO parte_vehiculo (id_parte, vehiculo_matricula, cliente_cod_cliente, trabajador_id_trabajador, fecha_factura, fecha_llegada, fecha_salida, is_a_b, observaciones, parte_cerrado, tiempo_empleado, total) VALUES(25, '5053KNL', '14', '4', '2022-7-21', '2022-7-5', '2022-7-11', false, 'Inserte una observación aquí', true, 7, 0);
INSERT INTO parte_vehiculo (id_parte, vehiculo_matricula, cliente_cod_cliente, trabajador_id_trabajador, fecha_factura, fecha_llegada, fecha_salida, is_a_b, observaciones, parte_cerrado, tiempo_empleado, total) VALUES(26, '3945YZV', '27', '12', null, '2014-12-30', '2015-1-2', false, 'Inserte una observación aquí', false, 28, 0);
INSERT INTO parte_vehiculo (id_parte, vehiculo_matricula, cliente_cod_cliente, trabajador_id_trabajador, fecha_factura, fecha_llegada, fecha_salida, is_a_b, observaciones, parte_cerrado, tiempo_empleado, total) VALUES(27, '3302RHC', '16', '11', null, '2018-3-18', '2018-3-20', true, 'Inserte una observación aquí', false, 22, 0);
INSERT INTO parte_vehiculo (id_parte, vehiculo_matricula, cliente_cod_cliente, trabajador_id_trabajador, fecha_factura, fecha_llegada, fecha_salida, is_a_b, observaciones, parte_cerrado, tiempo_empleado, total) VALUES(28, '2134JDB', '32', '1', null, '2012-2-23', '2012-3-2', false, 'Inserte una observación aquí', false, 9, 0);
INSERT INTO parte_vehiculo (id_parte, vehiculo_matricula, cliente_cod_cliente, trabajador_id_trabajador, fecha_factura, fecha_llegada, fecha_salida, is_a_b, observaciones, parte_cerrado, tiempo_empleado, total) VALUES(29, '1301BNN', '7', '7', '2021-7-12', '2021-6-30', '2021-7-8', false, 'Inserte una observación aquí', true, 26, 0);
INSERT INTO parte_vehiculo (id_parte, vehiculo_matricula, cliente_cod_cliente, trabajador_id_trabajador, fecha_factura, fecha_llegada, fecha_salida, is_a_b, observaciones, parte_cerrado, tiempo_empleado, total) VALUES(30, '5283OXY', '4', '5', '2013-7-29', '2013-7-12', '2013-7-19', false, 'Inserte una observación aquí', true, 12, 0);
INSERT INTO parte_vehiculo (id_parte, vehiculo_matricula, cliente_cod_cliente, trabajador_id_trabajador, fecha_factura, fecha_llegada, fecha_salida, is_a_b, observaciones, parte_cerrado, tiempo_empleado, total) VALUES(31, '8450YFY', '8', '9', null, '2011-1-25', '2011-2-4', false, 'Inserte una observación aquí', false, 2, 0);
INSERT INTO parte_vehiculo (id_parte, vehiculo_matricula, cliente_cod_cliente, trabajador_id_trabajador, fecha_factura, fecha_llegada, fecha_salida, is_a_b, observaciones, parte_cerrado, tiempo_empleado, total) VALUES(32, '2805RPV', '25', '9', '2021-9-8', '2021-8-24', '2021-9-3', true, 'Inserte una observación aquí', true, 3, 0);
INSERT INTO parte_vehiculo (id_parte, vehiculo_matricula, cliente_cod_cliente, trabajador_id_trabajador, fecha_factura, fecha_llegada, fecha_salida, is_a_b, observaciones, parte_cerrado, tiempo_empleado, total) VALUES(33, '6472SSZ', '21', '5', null, '2023-2-3', '2023-2-10', true, 'Inserte una observación aquí', false, 28, 0);
INSERT INTO parte_vehiculo (id_parte, vehiculo_matricula, cliente_cod_cliente, trabajador_id_trabajador, fecha_factura, fecha_llegada, fecha_salida, is_a_b, observaciones, parte_cerrado, tiempo_empleado, total) VALUES(34, '1472QIJ', '3', '4', null, '2015-4-19', '2015-4-28', false, 'Inserte una observación aquí', false, 4, 0);
INSERT INTO parte_vehiculo (id_parte, vehiculo_matricula, cliente_cod_cliente, trabajador_id_trabajador, fecha_factura, fecha_llegada, fecha_salida, is_a_b, observaciones, parte_cerrado, tiempo_empleado, total) VALUES(35, '2537JFV', '17', '5', '2015-11-24', '2015-11-11', '2015-11-14', false, 'Inserte una observación aquí', true, 10, 0);
INSERT INTO parte_vehiculo (id_parte, vehiculo_matricula, cliente_cod_cliente, trabajador_id_trabajador, fecha_factura, fecha_llegada, fecha_salida, is_a_b, observaciones, parte_cerrado, tiempo_empleado, total) VALUES(36, '241RJB', '5', '2', '2011-7-10', '2011-6-29', '2011-7-3', false, 'Inserte una observación aquí', true, 27, 0);
INSERT INTO parte_vehiculo (id_parte, vehiculo_matricula, cliente_cod_cliente, trabajador_id_trabajador, fecha_factura, fecha_llegada, fecha_salida, is_a_b, observaciones, parte_cerrado, tiempo_empleado, total) VALUES(37, '8668IYK', '7', '1', null, '2015-10-19', '2015-10-21', true, 'Inserte una observación aquí', false, 25, 0);
INSERT INTO parte_vehiculo (id_parte, vehiculo_matricula, cliente_cod_cliente, trabajador_id_trabajador, fecha_factura, fecha_llegada, fecha_salida, is_a_b, observaciones, parte_cerrado, tiempo_empleado, total) VALUES(38, '6433QTN', '14', '10', null, '2015-11-28', '2015-12-5', true, 'Inserte una observación aquí', false, 24, 0);
INSERT INTO parte_vehiculo (id_parte, vehiculo_matricula, cliente_cod_cliente, trabajador_id_trabajador, fecha_factura, fecha_llegada, fecha_salida, is_a_b, observaciones, parte_cerrado, tiempo_empleado, total) VALUES(39, '3945YZV', '25', '7', '2012-9-6', '2012-8-20', '2012-8-26', false, 'Inserte una observación aquí', true, 6, 0);
INSERT INTO parte_vehiculo (id_parte, vehiculo_matricula, cliente_cod_cliente, trabajador_id_trabajador, fecha_factura, fecha_llegada, fecha_salida, is_a_b, observaciones, parte_cerrado, tiempo_empleado, total) VALUES(40, '6786FMG', '14', '3', '2012-3-11', '2012-3-1', '2012-3-5', true, 'Inserte una observación aquí', true, 16, 0);
INSERT INTO parte_vehiculo (id_parte, vehiculo_matricula, cliente_cod_cliente, trabajador_id_trabajador, fecha_factura, fecha_llegada, fecha_salida, is_a_b, observaciones, parte_cerrado, tiempo_empleado, total) VALUES(41, '6786FMG', '30', '5', '2017-6-20', '2017-5-30', '2017-6-10', true, 'Inserte una observación aquí', true, 22, 0);
INSERT INTO parte_vehiculo (id_parte, vehiculo_matricula, cliente_cod_cliente, trabajador_id_trabajador, fecha_factura, fecha_llegada, fecha_salida, is_a_b, observaciones, parte_cerrado, tiempo_empleado, total) VALUES(42, '1472QIJ', '4', '3', null, '2012-10-8', '2012-10-18', false, 'Inserte una observación aquí', false, 23, 0);
INSERT INTO parte_vehiculo (id_parte, vehiculo_matricula, cliente_cod_cliente, trabajador_id_trabajador, fecha_factura, fecha_llegada, fecha_salida, is_a_b, observaciones, parte_cerrado, tiempo_empleado, total) VALUES(43, '2134JDB', '9', '11', null, '2018-3-3', '2018-3-6', true, 'Inserte una observación aquí', false, 9, 0);
INSERT INTO parte_vehiculo (id_parte, vehiculo_matricula, cliente_cod_cliente, trabajador_id_trabajador, fecha_factura, fecha_llegada, fecha_salida, is_a_b, observaciones, parte_cerrado, tiempo_empleado, total) VALUES(44, '7738XMW', '30', '5', null, '2016-8-15', '2016-8-16', false, 'Inserte una observación aquí', false, 2, 0);
INSERT INTO parte_vehiculo (id_parte, vehiculo_matricula, cliente_cod_cliente, trabajador_id_trabajador, fecha_factura, fecha_llegada, fecha_salida, is_a_b, observaciones, parte_cerrado, tiempo_empleado, total) VALUES(45, '2805RPV', '29', '8', null, '2018-10-12', '2018-10-20', true, 'Inserte una observación aquí', false, 17, 0);
INSERT INTO parte_vehiculo (id_parte, vehiculo_matricula, cliente_cod_cliente, trabajador_id_trabajador, fecha_factura, fecha_llegada, fecha_salida, is_a_b, observaciones, parte_cerrado, tiempo_empleado, total) VALUES(46, '6472SSZ', '31', '10', '2014-7-31', '2014-7-23', '2014-7-30', true, 'Inserte una observación aquí', true, 17, 0);
INSERT INTO parte_vehiculo (id_parte, vehiculo_matricula, cliente_cod_cliente, trabajador_id_trabajador, fecha_factura, fecha_llegada, fecha_salida, is_a_b, observaciones, parte_cerrado, tiempo_empleado, total) VALUES(47, '6472SSZ', '28', '11', null, '2014-3-30', '2014-4-3', true, 'Inserte una observación aquí', false, 29, 0);
INSERT INTO parte_vehiculo (id_parte, vehiculo_matricula, cliente_cod_cliente, trabajador_id_trabajador, fecha_factura, fecha_llegada, fecha_salida, is_a_b, observaciones, parte_cerrado, tiempo_empleado, total) VALUES(48, '241RJB', '26', '2', '2019-5-20', '2019-5-12', '2019-5-17', true, 'Inserte una observación aquí', true, 22, 0);
INSERT INTO parte_vehiculo (id_parte, vehiculo_matricula, cliente_cod_cliente, trabajador_id_trabajador, fecha_factura, fecha_llegada, fecha_salida, is_a_b, observaciones, parte_cerrado, tiempo_empleado, total) VALUES(49, '241RJB', '17', '6', '2012-7-10', '2012-6-26', '2012-6-30', false, 'Inserte una observación aquí', true, 4, 0);
INSERT INTO parte_vehiculo (id_parte, vehiculo_matricula, cliente_cod_cliente, trabajador_id_trabajador, fecha_factura, fecha_llegada, fecha_salida, is_a_b, observaciones, parte_cerrado, tiempo_empleado, total) VALUES(50, '7738XMW', '11', '11', null, '2013-3-23', '2013-4-1', false, 'Inserte una observación aquí', false, 6, 0);
INSERT INTO parte_vehiculo (id_parte, vehiculo_matricula, cliente_cod_cliente, trabajador_id_trabajador, fecha_factura, fecha_llegada, fecha_salida, is_a_b, observaciones, parte_cerrado, tiempo_empleado, total) VALUES(51, '1301BNN', '23', '3', '2013-4-22', '2013-4-7', '2013-4-13', false, 'Inserte una observación aquí', true, 28, 0);

ALTER SEQUENCE hibernate_sequence RESTART WITH 1000;